"Store.no","Item.no","NS.ar","NS.diff","NS.ma","S.ar","S.diff","S.ma","AIC.value","SSE.value"
1,1,1,0,1,1,1,1,222.088182830038,96.172189716502
1,2,2,0,1,1,1,1,-1150.57925764909,37.3843794246719
1,3,1,0,1,2,1,1,-519.684594464357,57.7200719454778
1,4,1,0,1,1,1,2,278.374428211551,100.436402129224
1,5,1,0,1,1,1,1,553.951922331538,120.793853649753
1,6,1,0,1,1,1,1,-1148.85457548456,37.4386457130845
1,7,1,0,1,1,1,1,-1043.86023620123,40.5950736081469
1,8,1,0,1,1,1,2,-1560.97682085914,28.191729285433
1,9,1,0,1,1,1,1,-962.534904680622,42.6023623700635
1,10,1,0,1,2,1,1,-1412.82219228486,31.2327774264699
1,11,1,0,1,1,1,1,-1461.26235883203,30.3418239851602
1,12,1,0,1,1,1,1,-1425.66165368618,31.2616044932592
1,13,1,0,1,2,1,1,-1676.37104699964,26.1692409239386
1,14,1,0,1,1,1,1,-1190.00395622882,36.4338683874163
1,15,1,0,1,1,1,1,-1581.07319646985,27.8393457049788
1,16,1,0,1,1,1,1,-5.58800325415541,82.6693872434845
1,17,1,0,1,1,1,1,-364.845147341872,64.2589526770512
1,18,1,0,1,1,1,1,-1659.85414580029,26.5205061112228
1,19,1,0,1,1,1,2,-515.85353806635,57.8541601112111
1,20,1,0,2,1,1,1,-968.154837505313,42.3915971599914
1,21,1,0,1,1,1,1,-653.571227570008,52.672198131148
1,22,1,0,1,1,1,2,-1574.8468441901,27.9210996882131
1,23,1,0,1,1,1,1,80.8490379768182,87.9032740809322
1,24,1,0,1,1,1,2,-1334.68631108978,32.920112918953
1,25,1,0,1,1,1,1,-1619.93721510912,27.1056845256245
1,26,1,0,1,2,1,1,-842.954043174012,46.223511341107
1,27,1,0,1,1,1,1,334.018953360484,104.297605219307
1,28,1,0,2,1,1,1,-1734.79817939048,25.0203939700287
1,29,1,0,1,1,1,1,-1480.23529606373,30.0574741230836
1,30,1,0,1,1,1,1,-624.550105707807,53.6981283670457
1,31,1,0,2,1,1,1,-1151.05040624792,37.388232724896
1,32,1,0,1,1,1,1,-775.262845348837,48.7607339781935
1,33,1,0,1,2,1,1,-1410.34361315462,31.3357720167592
1,34,1,0,1,1,1,1,-41.3263221222669,80.2755407745954
1,35,1,0,1,2,1,1,-1358.21226342244,32.4316447010554
1,36,1,0,1,1,1,2,-1617.47263121265,27.0970039694181
1,37,1,0,1,1,1,2,-174.779610772655,73.077636347142
1,38,1,0,1,1,1,2,-1591.41940049739,27.6696032845651
1,39,1,0,1,1,1,1,-771.565901270229,48.5451354209358
1,40,1,0,1,1,1,1,-248.758729307008,69.5637257435559
1,41,1,0,2,1,1,1,358.530154610772,106.270204942444
1,42,1,0,2,1,1,1,-669.002599221176,52.0763863182282
1,43,1,0,1,2,1,1,-1012.52530248283,41.1577975408392
1,44,1,0,2,1,1,1,-182.769768857243,72.7243723569621
1,45,1,0,1,1,1,1,-1608.93684290131,27.4464733423702
1,46,1,0,1,2,1,1,-1104.78740285421,38.5938795891824
1,47,1,0,1,1,1,1,180.813702739135,93.6312350503776
1,48,1,0,1,2,1,1,-948.677226479574,42.8671970440298
1,49,1,0,1,1,1,1,-229.436626500052,70.5577533870898
1,50,1,0,1,1,1,1,-1270.94679393389,34.4574737731684
2,1,1,0,1,1,1,1,-295.181386445733,67.4041226613352
2,2,1,0,1,2,1,1,-1670.41499590454,26.1753408894597
2,3,1,0,1,1,1,1,-982.355202971255,42.4533189573734
2,4,1,0,1,1,1,1,-375.23931146719,63.7991720467185
2,5,2,0,1,1,1,1,53.382466070324,85.7065703904434
2,6,1,0,1,1,1,1,-1674.94421355521,26.2054545642063
2,7,2,0,1,1,1,1,-1618.97486197241,27.0976937722638
2,8,1,0,1,1,1,1,-1943.67315351524,21.843186112997
2,9,1,0,2,1,1,1,-1360.61543990572,32.3673137266105
2,10,1,0,1,2,1,1,-1937.22237811038,21.9394617153995
2,11,1,0,1,1,1,1,-1900.00611028269,22.3467909620785
2,12,1,0,1,1,1,1,-1771.36469893104,24.439340733841
2,13,1,0,1,1,1,2,-2161.80771249468,18.6781897518658
2,14,1,0,1,1,1,1,-1714.99597119983,25.5478997044301
2,15,2,0,1,1,1,1,-2194.41929634953,18.2409383892377
2,16,1,0,2,1,1,1,-484.893856553069,59.6106638187683
2,17,1,0,1,2,1,1,-838.238145261958,46.376957854231
2,18,1,0,1,1,1,1,-2094.72238647873,19.5595540356385
2,19,1,0,1,1,1,1,-1182.38882293802,36.6262392729498
2,20,1,0,1,2,1,1,-1335.33511543015,33.0039906311611
2,21,1,0,2,1,1,1,-1063.86707574295,39.86930216112
2,22,1,0,1,1,1,1,-2103.29447132984,19.4399908481884
2,23,1,0,1,1,1,1,-737.009856176181,49.7579485984901
2,24,1,0,1,1,1,1,-1770.61174963522,24.5537675187704
2,25,1,0,1,1,1,1,-2142.6732165664,18.9048825690792
2,26,1,0,1,1,1,1,-1428.45273627064,30.88254717851
2,27,1,0,2,1,1,1,-163.788533649971,73.9334279180208
2,28,1,0,1,2,1,1,-2258.59022903683,17.4483968267126
2,29,1,0,1,2,1,1,-1930.33576249037,21.924196226816
2,30,1,0,1,2,1,1,-1065.42146752994,39.9793567092949
2,31,1,0,2,1,1,1,-1665.61904911218,26.2454913539181
2,32,1,0,1,1,1,1,-1282.47274858508,34.4086022870645
2,33,1,0,1,1,1,1,-1858.53350993557,22.9926988248895
2,34,1,0,1,2,1,1,-464.469269097791,60.2778177930971
2,35,1,0,1,1,1,1,-1808.08342966549,23.7992797830251
2,36,1,0,1,1,1,1,-1957.06158448568,21.5031621958388
2,37,1,0,1,1,1,1,-735.263965777515,50.1791077997886
2,38,1,0,1,1,1,1,-2063.11763967463,19.9926154063855
2,39,1,0,1,1,1,1,-1221.38287215244,35.656335783423
2,40,2,0,1,1,1,1,-660.480570588091,52.3729692544422
2,41,1,0,1,1,1,1,-312.868430173331,67.0723803009914
2,42,2,0,1,1,1,1,-966.23386461437,42.4548466919659
2,43,1,0,1,2,1,1,-1486.61083667746,29.814529844366
2,44,2,0,1,1,1,1,-736.798530415951,49.8799710740518
2,45,1,0,1,1,1,1,-2104.52642213123,19.418662114929
2,46,1,0,1,1,1,1,-1605.79750223053,27.5455851397574
2,47,1,0,1,1,1,2,-281.72751806341,67.9585192755604
2,48,1,0,1,1,1,1,-1516.40688323904,29.1866283987733
2,49,1,0,2,1,1,1,-737.210500759383,49.6892086625054
2,50,1,0,1,2,1,1,-1710.96895475302,25.543442159567
3,1,1,0,1,1,1,1,-77.1101814579552,78.2536572314072
3,2,1,0,1,1,1,2,-1489.83631179032,29.807663778425
3,3,1,0,1,1,1,2,-844.471046385354,46.5464667409569
3,4,1,0,1,1,1,1,-159.624833447061,73.9969082509887
3,5,1,0,1,1,1,1,197.462914959751,95.4303533239817
3,6,1,0,1,1,1,1,-1609.26319313732,27.3244184586371
3,7,1,0,1,1,1,1,-1523.31156989674,29.1397156390031
3,8,2,0,1,1,1,1,-1858.0047710496,22.982629323068
3,9,1,0,1,1,1,1,-1254.79832378273,34.8437893947913
3,10,1,0,1,2,1,1,-1832.33733755231,23.575678490671
3,11,1,0,1,1,1,1,-1656.92283444614,26.6396623817553
3,12,1,0,1,1,1,1,-1688.24488545682,26.0802888256387
3,13,1,0,1,1,1,1,-1889.29264078512,22.6809882030828
3,14,1,0,1,1,1,1,-1566.36415187694,28.1171100942457
3,15,1,0,1,1,1,2,-2093.12881374655,19.5551463952712
3,16,1,0,1,1,1,1,-400.35824146459,62.6668224091287
3,17,1,0,1,1,1,1,-733.198407259132,50.2294777590628
3,18,1,0,1,1,1,1,-1855.40648058306,23.057389052279
3,19,2,0,1,1,1,1,-935.695260065861,43.3301803356203
3,20,1,0,1,1,1,1,-1162.9502724202,37.4103450246419
3,21,1,0,2,1,1,1,-931.628838772809,43.4610721684879
3,22,1,0,1,1,1,1,-1953.96504165203,21.5976553738531
3,23,1,0,1,1,1,1,-578.945230042476,55.9667945606651
3,24,1,0,1,1,1,2,-1727.65386270267,25.1098786768843
3,25,1,0,1,1,1,1,-1953.15233251923,21.539958350213
3,26,1,0,2,1,1,1,-1105.23340620614,38.5727545840102
3,27,1,0,1,1,1,1,-168.46820364556,73.9797768995884
3,28,1,0,1,1,1,1,-2069.84303916538,20.0183388333289
3,29,1,0,1,1,1,1,-1718.34533257695,25.3270223446179
3,30,1,0,1,1,1,1,-892.582899122627,45.0187699959909
3,31,1,0,1,1,1,2,-1463.99650570005,30.1358480928746
3,32,1,0,1,1,1,1,-1132.61546138154,37.8948552131435
3,33,1,0,1,1,1,1,-1716.61766451116,25.4379631238501
3,34,1,0,1,1,1,1,-406.756386600967,62.5953742156503
3,35,1,0,1,1,1,1,-1661.9814380737,26.3395184154485
3,36,1,0,1,1,1,1,-1822.94134070044,23.5734006224092
3,37,1,0,2,1,1,1,-496.432438201297,58.873875866034
3,38,1,0,1,1,1,2,-1807.34553990814,23.9317288087588
3,39,1,0,1,1,1,2,-1061.8251440951,39.9944573932384
3,40,1,0,1,1,1,1,-504.614866030934,58.3582537685937
3,41,1,0,1,1,1,1,-113.887480008326,76.3785440351416
3,42,1,0,1,1,1,1,-747.253356993311,49.699989655644
3,43,1,0,1,1,1,1,-1307.46211701039,33.6082020345024
3,44,1,0,1,1,1,1,-491.703435005518,59.2089563146169
3,45,2,0,1,1,1,1,-1901.22050080024,22.4175454799848
3,46,1,0,1,1,1,1,-1481.39089132288,29.7922297821928
3,47,1,0,2,1,1,1,-218.256717385745,70.9546052675321
3,48,1,0,1,1,1,1,-1274.51935326438,34.6193850783297
3,49,1,0,1,1,1,2,-441.651986825004,60.8809430591388
3,50,1,0,1,1,1,1,-1663.20596467118,26.2907112779931
4,1,1,0,1,1,1,1,-20.603047187733,82.1773194754477
4,2,2,0,1,1,1,1,-1327.82742829641,33.1067228628864
4,3,1,0,1,2,1,1,-701.736677268054,50.9202054613532
4,4,1,0,1,1,1,2,-38.7873763208145,80.3106532808037
4,5,1,0,1,2,1,1,225.592529838702,96.37313513873
4,6,1,0,1,2,1,1,-1452.59937830272,30.4506860251792
4,7,1,0,1,1,1,1,-1334.4704277032,33.2042220636322
4,8,1,0,1,1,1,1,-1670.37160952776,26.4741874130624
4,9,1,0,1,1,1,1,-1232.48146006107,35.3880852477671
4,10,1,0,1,1,1,1,-1704.11721768513,25.7136061787981
4,11,2,0,1,1,1,1,-1679.26702249442,26.2103030690935
4,12,1,0,1,1,1,1,-1580.98679669555,27.9462064958266
4,13,2,0,1,1,1,1,-1978.98957686743,21.3348030816644
4,14,1,0,1,1,1,1,-1391.74017666961,31.8540398974967
4,15,1,0,1,1,1,1,-2090.2625406894,19.606084851276
4,16,1,0,2,1,1,1,-263.507664245667,68.9225772289672
4,17,1,0,1,1,1,1,-487.917752969407,59.3249611504065
4,18,1,0,1,1,1,1,-1906.8090973726,22.2646315743957
4,19,2,0,1,1,1,1,-879.941243420561,45.0525216252635
4,20,1,0,1,1,1,1,-1202.67390283761,36.3621041800371
4,21,1,0,1,1,1,1,-925.721324471232,43.9687416915863
4,22,1,0,1,1,1,1,-1818.99941341889,23.6428954741597
4,23,1,0,1,2,1,1,-441.474157181351,60.9243601383141
4,24,1,0,1,1,1,1,-1559.9711098566,28.2154323296386
4,25,1,0,1,2,1,1,-1811.06134059152,23.8168177327721
4,26,1,0,1,1,1,1,-1103.70477606326,38.6538713277778
4,27,1,0,1,1,1,1,18.0807882822382,84.2784852801447
4,28,1,0,1,2,1,1,-1870.0026259628,22.8162240428205
4,29,1,0,1,2,1,1,-1473.62405386203,30.2174989809671
4,30,1,0,1,1,1,1,-897.02306772973,44.5389067681589
4,31,2,0,1,1,1,1,-1424.08625061519,30.9820524094792
4,32,1,0,1,1,1,1,-977.842670049493,42.2741358630613
4,33,1,0,1,2,1,1,-1669.07350171467,26.1707359046845
4,34,1,0,1,2,1,1,-74.322157032726,78.4248549697721
4,35,1,0,1,1,1,1,-1506.98052640195,29.4157833816809
4,36,2,0,1,1,1,1,-1742.7976078272,25.0184181075741
4,37,1,0,1,1,1,1,-465.770584592789,60.3691342424395
4,38,1,0,1,2,1,1,-1893.79569182576,22.4121263066749
4,39,1,0,1,1,1,1,-1049.0929765459,40.1373716926293
4,40,1,0,1,1,1,2,-328.070898195105,65.8349738392299
4,41,1,0,1,1,1,1,-81.1845941586189,78.1278671135496
4,42,1,0,1,1,1,2,-775.084443762326,48.708974229836
4,43,1,0,1,1,1,1,-1112.77211094722,38.3675795528363
4,44,1,0,1,1,1,2,-460.350364263141,60.1035450954194
4,45,1,0,1,1,1,1,-1794.83189637677,24.1644643213067
4,46,1,0,1,1,1,1,-1358.19210050197,32.4649234195912
4,47,1,0,1,1,1,1,8.94957786350733,83.6157605460007
4,48,1,0,1,1,1,1,-1153.97903688545,37.3554243505689
4,49,1,0,1,1,1,1,-400.554161199501,62.6534436543866
4,50,2,0,1,1,1,1,-1541.13666406932,28.7702910495227
5,1,1,0,1,2,1,1,479.369036439497,114.583065667095
5,2,1,0,1,1,1,1,-931.670758104513,43.5382665126326
5,3,1,0,1,1,1,1,-222.056303096488,71.4054792500364
5,4,1,0,1,1,1,2,609.370421982062,125.480608054721
5,5,1,0,1,1,1,1,789.972600084459,142.085513258584
5,6,1,0,1,1,1,1,-779.415205503825,48.6140334452434
5,7,1,0,1,1,1,1,-989.626286110161,41.8157424258701
5,8,1,0,1,1,1,1,-1278.02586105448,34.2860912317191
5,9,1,0,2,1,1,1,-690.366751776109,51.3136707865771
5,10,1,0,2,1,1,1,-1280.03400666172,34.2187317324503
5,11,1,0,1,1,1,1,-1123.69334353348,38.1303060205262
5,12,1,0,1,1,1,1,-1214.26130703887,35.7933951128647
5,13,1,0,2,1,1,1,-1447.941177842,30.5831952492511
5,14,2,0,1,1,1,1,-882.351695819557,44.9355483252705
5,15,1,0,1,1,1,1,-1422.2288258455,31.0582736090139
5,16,1,0,1,2,1,1,176.166525888269,93.1799981229209
5,17,1,0,1,1,1,2,-1.58574368621976,82.8923761159619
5,18,1,0,1,1,1,1,-1386.6920993244,32.0538199412528
5,19,1,0,1,2,1,1,-407.326027172971,62.8081964950346
5,20,1,0,2,1,1,1,-614.348778087088,54.0716655876262
5,21,1,0,1,2,1,1,-451.390605840281,60.5113872699741
5,22,1,0,1,1,1,1,-1407.73662875249,31.495689058384
5,23,1,0,1,2,1,1,49.0926070369051,85.3247180894033
5,24,1,0,1,1,1,1,-1076.47722784429,39.6338986098313
5,25,1,0,1,1,1,1,-1297.79002756493,34.074694218343
5,26,1,0,2,1,1,1,-539.8155655771,57.0111803570894
5,27,1,0,1,1,1,1,510.317035412874,117.335667257057
5,28,1,0,1,2,1,1,-1524.34631635969,28.9082320522488
5,29,1,0,1,2,1,1,-1076.77577522808,39.373193971384
5,30,1,0,1,1,1,1,-321.289040684846,66.6610369384365
5,31,1,0,1,2,1,1,-982.855163770988,41.9730982330425
5,32,1,0,1,1,1,2,-522.32979594605,57.5893798193804
5,33,1,0,1,1,1,1,-1111.72755747692,38.723929831672
5,34,1,0,1,1,1,1,238.123841482368,97.8791428004853
5,35,1,0,1,1,1,1,-1150.21180909146,37.4459266108988
5,36,1,0,2,1,1,1,-1284.83853964672,34.0855010496163
5,37,1,0,1,1,1,1,7.55054102187296,83.3710207940227
5,38,1,0,1,1,1,1,-1472.75945510616,29.9672483872986
5,39,1,0,1,2,1,1,-564.738129111581,56.2067981492615
5,40,1,0,1,1,1,2,-59.1073507431502,79.6605756910164
5,41,1,0,1,2,1,1,567.516424005056,121.745843109891
5,42,1,0,1,1,1,1,-288.425365856313,67.7683133632264
5,43,1,0,1,1,1,1,-727.391098750783,50.1033233075014
5,44,1,0,2,1,1,1,64.1058956372599,86.2149788040752
5,45,1,0,1,2,1,1,-1391.0846938394,31.6766269531611
5,46,1,0,1,1,1,2,-887.410184930101,44.8108125525043
5,47,1,0,1,1,1,1,530.775916314919,119.016557476424
5,48,1,0,1,1,1,1,-759.807508721507,49.2015030556558
5,49,1,0,2,1,1,1,66.6082222018745,86.3771095157145
5,50,1,0,1,1,1,1,-1087.70243556063,39.3447782522059
6,1,1,0,1,1,1,1,579.051250710243,123.698992247748
6,2,1,0,1,1,1,1,-954.309503491962,43.1388181447223
6,3,1,0,1,2,1,1,-294.85082170857,67.3793520883144
6,5,1,0,1,1,1,1,865.122944533486,150.357581394198
6,6,1,0,1,1,1,1,-898.286479265199,44.529064930807
6,7,1,0,1,1,1,1,-943.391352411263,43.5567790554286
6,8,1,0,1,1,1,1,-1267.70455770656,34.50289519799
6,9,1,0,1,1,1,2,-768.238372457092,48.8369528298593
6,10,1,0,2,1,1,1,-1207.35243512191,35.9707116110754
6,11,1,0,2,1,1,1,-1252.85975507926,34.8590268257052
6,12,1,0,1,1,1,1,-1086.00541243277,39.2879757229955
6,13,1,0,1,1,1,1,-1464.62172939589,30.1713773913281
6,14,1,0,1,1,1,2,-962.473391986807,42.3469780202639
6,15,2,0,1,1,1,1,-1442.01442299933,30.5968830123971
6,16,1,0,1,2,1,1,278.141895457994,100.583888479758
6,17,1,0,1,1,1,1,-138.318985337334,75.4946258989459
6,18,1,0,1,1,1,1,-1441.86271477048,30.6136155756887
6,19,1,0,1,1,1,1,-326.895523115002,65.956495321089
6,20,1,0,1,1,1,1,-764.297386852999,49.0210975000007
6,21,1,0,1,1,1,1,-457.917883176627,60.5293669213678
6,22,1,0,1,1,1,1,-1390.23023065404,31.7360092091345
6,23,1,0,1,1,1,1,135.920696262008,90.6678842091376
6,24,1,0,1,1,1,2,-1108.18244228264,38.5079765899365
6,25,1,0,1,1,1,1,-1458.3281302599,30.2803611096307
6,26,1,0,1,2,1,1,-618.719354826485,54.1187719538569
6,27,1,0,2,1,1,1,528.698387172848,119.506526181938
6,28,1,0,1,1,1,1,-1494.48668770553,29.7744773593252
6,29,1,0,1,1,1,1,-1231.94514010335,35.3736174430103
6,30,1,0,1,1,1,1,-298.348115778824,67.2540615523175
6,31,1,0,1,2,1,1,-761.73643738501,48.8495268563488
6,32,1,0,1,1,1,2,-561.759877136246,56.0558078895531
6,33,1,0,2,1,1,1,-1144.38615028567,37.5501772342155
6,34,2,0,1,1,1,1,357.232033886672,106.107698825942
6,35,1,0,1,2,1,1,-1144.04644804728,37.5915742596508
6,36,1,0,1,2,1,1,-1270.43612357645,34.7150309317694
6,37,1,0,1,1,1,1,-21.1640289874067,81.3423141099289
6,38,1,0,1,1,1,1,-1382.67463583601,32.0444501677812
6,39,1,0,1,1,1,1,-399.730546485842,62.6783060118524
6,40,1,0,1,1,1,2,305.366760702482,102.329240542238
6,41,1,0,1,2,1,1,623.937588358871,127.399885362737
6,42,1,0,1,1,1,1,-334.637646771391,65.5097214171779
6,43,2,0,1,1,1,1,-798.765674948347,47.6245108846264
6,44,1,0,1,1,1,1,20.6937022993652,83.7271699725367
6,45,1,0,1,1,1,1,-1392.93123578519,31.8678440778235
6,46,1,0,1,2,1,1,-868.295744596195,45.3819645108255
6,47,1,0,2,1,1,1,476.572732560734,114.472236717921
6,48,2,0,1,1,1,1,-726.049508526208,50.214455210151
6,49,1,0,1,1,1,1,41.8216143594946,85.5106698407852
6,50,1,0,1,1,1,1,-1100.68352445154,38.8926035854221
7,1,1,0,1,2,1,1,717.717929989016,135.128423831406
7,2,1,0,1,1,1,1,-728.241796020674,50.037597341961
7,3,1,0,1,1,1,1,-71.2020609462797,78.9848473059694
7,4,1,0,1,1,1,1,602.458207374203,124.873942338527
7,5,1,0,1,1,1,1,915.455992217868,156.088178963799
7,6,1,0,1,1,1,1,-799.444296751345,47.6769131481241
7,7,1,0,2,1,1,1,-790.312141493686,47.8990628758454
7,8,1,0,1,1,1,1,-1159.95808781617,37.4574195405593
7,9,1,0,1,1,1,1,-546.982624417441,56.6832749369883
7,10,2,0,1,1,1,1,-1212.85386921841,36.0988611020272
7,11,1,0,1,1,1,1,-1126.05883581358,38.2973861794981
7,12,1,0,1,1,1,1,-970.812713936455,42.3231664277359
7,13,1,0,1,1,1,1,-1244.2441225615,35.1074227963337
7,14,1,0,1,1,1,1,-802.696465219989,47.9272007712369
7,15,1,0,1,1,1,1,-1297.22473772133,34.0181888873862
7,16,1,0,1,1,1,1,420.802703122101,110.328183329295
7,17,2,0,1,1,1,1,4.13023898080519,82.9358304020962
7,18,1,0,1,1,1,1,-1334.74658508216,32.9785726821551
7,19,1,0,2,1,1,1,-262.576494001815,69.3495167384938
7,20,1,0,1,2,1,1,-511.863267024042,58.1021840843219
7,21,1,0,1,1,1,1,-262.04409810088,68.9034240660957
7,22,1,0,1,1,1,1,-1227.43507650914,35.7837536581776
7,23,1,0,1,1,1,1,233.728811720512,97.6744754771822
7,24,1,0,1,1,1,2,-1065.88327246733,39.6300264668964
7,25,1,0,1,1,1,2,-1228.88140433385,35.5296998481121
7,26,1,0,1,1,1,1,-494.522474051998,58.7393806088934
7,27,1,0,1,1,1,1,691.387741079463,132.887976206827
7,28,1,0,1,1,1,1,-1368.49111154504,32.3141879239901
7,29,1,0,2,1,1,1,-1048.94012350464,40.0840539130874
7,30,1,0,1,2,1,1,-322.440068094784,66.112887686189
7,31,1,0,1,1,1,1,-860.140185999724,45.9494670567079
7,32,1,0,1,1,1,2,-409.215683722561,62.2651958119274
7,33,1,0,1,1,1,1,-1015.5965296229,41.2196894356359
7,34,1,0,2,1,1,1,544.014392720149,119.872129618357
7,35,1,0,1,1,1,1,-963.828244631562,42.563574384454
7,36,1,0,1,1,1,1,-1184.50425149001,36.5491756740437
7,37,1,0,1,2,1,1,87.4802469852211,87.6151241276451
7,38,1,0,1,1,1,1,-1198.80729686795,36.1910626241447
7,39,1,0,1,1,1,1,-357.389044378846,64.9130132085021
7,40,1,0,1,2,1,1,230.472864346151,97.2316192286287
7,41,1,0,1,1,1,2,564.705167254953,121.767442065273
7,42,1,0,1,1,1,1,-145.41808251071,75.3662930393187
7,43,1,0,1,1,1,1,-586.563804178913,55.201104773912
7,44,1,0,1,1,1,1,268.749561094091,99.3369820895132
7,45,1,0,1,1,1,1,-1220.07580215313,35.8457844529665
7,46,1,0,1,1,1,1,-699.710980080536,51.0242434376674
7,47,1,0,1,1,1,1,668.955847051911,131.439872703235
7,48,1,0,1,1,1,1,-555.604304269333,56.7610131971158
7,49,1,0,1,1,1,2,357.610795500269,105.462396258993
7,50,1,0,2,1,1,1,-974.591731807025,42.2197674417897
8,1,1,0,1,1,1,1,-101.702681069444,77.325762932016
8,2,1,0,1,2,1,1,-1607.28848142149,27.3034758766956
8,3,1,0,1,1,1,2,-1013.00606486003,41.392224023068
8,4,1,0,1,1,1,1,-279.15173516151,68.1404933033792
8,5,1,0,2,1,1,1,24.1356542790463,83.8782496206097
8,6,1,0,1,1,1,2,-1576.78708718436,27.9542451768209
8,7,1,0,1,1,1,1,-1542.80677870827,28.5936900649321
8,8,1,0,1,1,1,1,-1997.27263241951,20.9102523117191
8,9,1,0,1,1,1,1,-1408.20442309201,31.356839393831
8,10,1,0,1,1,1,2,-1904.03513978085,22.3113922699179
8,11,1,0,1,1,1,2,-1791.6929138703,24.1941249958375
8,12,1,0,1,1,1,1,-1805.6829121251,23.8345534299406
8,13,1,0,1,1,1,1,-2135.17439534397,19.0863009673206
8,14,1,0,1,1,1,1,-1516.65312042615,29.0693739985562
8,15,1,0,1,1,1,1,-2151.29543119833,18.9320548146118
8,16,1,0,1,2,1,1,-449.738277968566,60.5101238602877
8,17,1,0,1,1,1,2,-854.758418255474,45.8226679700435
8,18,1,0,1,1,1,1,-2057.63611120216,20.055205415925
8,19,1,0,2,1,1,1,-1086.37804822789,39.2691396931468
8,20,1,0,1,1,1,2,-1343.23513837986,32.8000351522435
8,21,2,0,1,1,1,1,-1048.55111805729,40.3966354685681
8,22,1,0,1,1,1,1,-2035.25359917174,20.45855315441
8,23,1,0,1,2,1,1,-617.896587482124,54.2319800709703
8,24,1,0,1,2,1,1,-1698.21280499953,25.8228184758333
8,25,1,0,1,1,1,1,-2139.25241303459,19.0870123083327
8,26,1,0,1,1,1,1,-1224.87407801545,35.5619694632473
8,27,1,0,1,1,1,1,-213.872914647041,71.2883265468517
8,28,1,0,1,2,1,1,-2210.77853900248,18.1505140449035
8,29,1,0,1,1,1,1,-1798.35474049785,23.9815407610198
8,30,1,0,1,1,1,2,-1067.69974347746,39.8793145714613
8,31,1,0,1,1,1,1,-1611.72226644492,27.2417471820288
8,32,1,0,2,1,1,1,-1166.01605236633,37.3069185800791
8,33,1,0,2,1,1,1,-1941.20292266301,21.8616816153171
8,34,1,0,1,1,1,1,-441.981589823717,60.9237889805109
8,35,1,0,1,2,1,1,-1747.29246170447,25.012284194166
8,36,1,0,1,1,1,1,-1973.10524337075,21.2554239411936
8,37,1,0,1,1,1,1,-551.615010714117,56.8838793752544
8,38,1,0,1,2,1,1,-2074.83409023443,19.814450832166
8,39,2,0,1,1,1,1,-1220.10250982736,35.9015345739637
8,40,1,0,2,1,1,1,-671.50594973622,52.0258891858959
8,41,2,0,1,1,1,1,-173.441847935082,73.2081779718688
8,42,1,0,1,1,1,2,-935.317337013858,43.6236914890302
8,43,1,0,1,1,1,1,-1460.03364340785,30.3065839085241
8,44,1,0,1,2,1,1,-763.957996551891,48.8195034762246
8,45,1,0,1,1,1,1,-1930.71536084882,22.0307660671803
8,46,1,0,1,1,1,1,-1665.59668948959,26.3913436168688
8,47,1,0,1,1,1,1,-273.183578505134,68.3876733995482
8,48,1,0,1,1,1,1,-1434.71918579675,30.7616644478323
8,49,1,0,1,1,1,1,-591.764879174826,55.055711359701
8,50,1,0,1,1,1,1,-1730.98863480388,25.1155191035046
9,1,1,0,1,1,1,1,94.9488302963523,88.8215642847642
9,2,1,0,1,1,1,1,-1341.66507771334,33.0011486979524
9,3,1,0,1,1,1,1,-620.070664601655,54.3424398801307
9,4,1,0,1,1,1,1,47.0815952368971,85.3275043616119
9,5,1,0,1,2,1,1,370.947949259865,106.664439159848
9,6,1,0,1,1,1,1,-1297.92585709548,33.8154245190786
9,7,1,0,1,1,1,1,-1411.17847022321,31.2975268814383
9,8,1,0,1,1,1,1,-1797.02881174161,24.1123442282803
9,9,1,0,1,1,1,1,-1193.86707239385,36.3156454280673
9,10,1,0,1,1,1,1,-1681.95162670327,25.9631804635227
9,11,1,0,1,1,1,1,-1565.5381083753,28.1387849861954
9,12,1,0,2,1,1,1,-1654.72972944818,26.4291225507753
9,13,1,0,1,1,1,1,-1863.72638519685,22.9324429585431
9,14,2,0,1,1,1,1,-1375.39685156787,32.2640655763073
9,15,1,0,1,1,1,1,-1883.7402858316,22.5988988711238
9,16,1,0,1,1,1,1,-329.541893719288,65.8123880410572
9,17,1,0,1,2,1,1,-691.408447109898,51.2510588646324
9,18,1,0,1,1,1,1,-1719.8727344382,25.2924806615276
9,19,1,0,1,1,1,1,-912.846056076269,44.3629009825032
9,20,1,0,1,1,1,1,-1049.07039969587,40.1059220121117
9,21,1,0,1,1,1,1,-1039.38272627689,40.3975266184931
9,22,1,0,1,2,1,1,-1830.68083913729,23.4184336282319
9,23,1,0,1,2,1,1,-484.499069122248,59.1306763312368
9,24,1,0,1,1,1,1,-1531.75238192017,28.8153398881948
9,25,1,0,1,1,1,2,-1711.11052523091,25.5643788122505
9,26,1,0,1,1,1,1,-1110.38367129673,38.7485398781323
9,27,1,0,1,1,1,1,-60.596922052433,79.5476733631574
9,28,1,0,2,1,1,1,-1866.26483616843,22.8673052741684
9,29,1,0,1,1,1,1,-1525.72557896715,29.1505440642912
9,30,1,0,1,2,1,1,-935.36018628778,43.589121463316
9,31,1,0,1,1,1,1,-1420.5605677593,31.2495975663687
9,32,1,0,2,1,1,1,-1004.77858767989,41.3200203385463
9,33,1,0,1,1,1,1,-1622.66725840484,27.0436841370509
9,34,1,0,1,1,1,1,-222.471282352197,71.1517612108263
9,35,1,0,1,1,1,1,-1570.42545463176,28.1820508207885
9,36,1,0,1,1,1,2,-1808.63858346948,23.7793405898679
9,37,2,0,1,1,1,1,-426.931790365809,61.9646840669913
9,38,1,0,1,2,1,1,-1727.80521385414,25.2939852415026
9,39,1,0,1,1,1,1,-996.286310008813,41.9715406744644
9,40,1,0,1,2,1,1,-472.468423789689,60.1317164558473
9,41,1,0,1,1,1,1,-3.1277617677224,82.2744357147192
9,42,1,0,1,1,1,1,-633.335548048014,53.5845197803271
9,43,1,0,1,1,1,1,-1225.61920180325,35.671339492518
9,44,1,0,1,1,1,2,-367.567473278737,64.0637648518889
9,45,2,0,1,1,1,1,-1747.40665556104,24.801980487894
9,46,1,0,2,1,1,1,-1335.57018130395,32.922196500693
9,47,1,0,1,1,1,1,16.9472329484242,83.5513105784194
9,48,1,0,2,1,1,1,-1150.46147799645,37.3904939431862
9,49,1,0,1,1,1,1,-397.794078891821,62.8268266651043
9,50,1,0,2,1,1,1,-1601.08514389148,27.4290591649208
10,1,1,0,1,1,1,1,24.3478076827314,83.9605042021837
10,2,1,0,1,1,1,2,-1530.19872163669,28.9889084046993
10,3,1,0,1,1,1,1,-789.358553340267,47.9698458468402
10,4,1,0,1,1,1,1,-66.1655426502621,79.3088641328685
10,5,1,0,1,1,1,2,123.392260190734,90.2404638259218
10,6,1,0,2,1,1,1,-1563.36651125409,28.3215030379602
10,7,1,0,1,2,1,1,-1565.17436075377,28.12754094839
10,8,1,0,1,1,1,1,-1832.33339527012,23.4020221549164
10,9,2,0,1,1,1,1,-1378.42443975683,32.2060498523791
10,10,1,0,1,1,1,1,-1789.46498911942,24.3195618145027
10,11,1,0,1,1,1,1,-1656.23709553778,26.4246481218051
10,12,1,0,1,1,1,2,-1670.71838450187,26.1550324512088
10,13,2,0,1,1,1,1,-1948.66283684374,21.7323910187868
10,14,1,0,1,1,1,1,-1406.8398013448,31.3905094449385
10,15,1,0,1,1,1,1,-1931.67882902413,21.8642521106266
10,16,1,0,1,1,1,1,-333.531186961874,65.7459640267148
10,17,1,0,1,2,1,1,-631.963483485966,53.4404742594635
10,18,1,0,1,1,1,1,-1987.79788007399,21.0495680869871
10,19,1,0,1,2,1,1,-997.838667197983,41.5214500413301
10,20,1,0,1,1,1,2,-1264.04985051736,34.5555466384699
10,21,1,0,1,1,1,1,-945.951051534028,43.3324388211947
10,22,1,0,1,1,1,1,-1813.29347876168,23.9036408156152
10,23,1,0,1,1,1,1,-476.602096011658,59.5033232331505
10,24,1,0,1,1,1,1,-1583.09230005022,27.8065733412041
10,25,1,0,1,1,1,1,-1883.99091564773,22.6017449738269
10,26,1,0,1,2,1,1,-1219.11413923877,35.6624735346815
10,27,1,0,1,2,1,1,-19.6206804805024,81.3811789421871
10,28,1,0,1,2,1,1,-1977.82147231708,21.1823254229522
10,29,1,0,2,1,1,1,-1751.19882678924,24.8912745604947
10,30,1,0,2,1,1,1,-969.371346595518,42.3436421926219
10,31,1,0,2,1,1,1,-1509.93929364371,29.1979386159479
10,32,1,0,1,2,1,1,-1040.82018295602,40.5197421937187
10,33,1,0,1,1,1,1,-1705.66994799408,25.5523587795196
10,34,1,0,1,2,1,1,-307.763267448046,66.742738754142
10,35,1,0,1,1,1,1,-1641.73528203224,26.9999311420386
10,36,1,0,1,1,1,2,-1851.4273619352,23.3054370268666
10,37,1,0,1,2,1,1,-495.239981625773,59.0141679183303
10,38,2,0,1,1,1,1,-1855.9664650998,23.0172465136971
10,39,1,0,1,1,1,1,-1034.34299381389,40.5111647990727
10,40,1,0,1,1,1,2,-442.072458124047,60.8507651751981
10,41,1,0,1,1,1,2,5.81301370563142,82.8037606307305
10,42,1,0,1,1,1,1,-828.473129148725,46.9692664523887
10,43,1,0,1,1,1,1,-1365.73506810731,32.5099299569969
10,44,1,0,1,2,1,1,-488.124971691823,59.3396038197307
10,45,1,0,1,1,1,1,-1899.27097223939,22.5567365388063
10,46,1,0,1,1,1,1,-1411.4268188317,31.2902384936564
10,47,1,0,2,1,1,1,-144.254347771468,75.1222629913435
10,48,1,0,1,1,1,2,-1385.08530687498,32.168949867546
10,49,1,0,1,1,1,2,-520.351969744748,57.6142367628595
10,50,1,0,1,2,1,1,-1690.63026581005,25.9785058180499
