"Store.no","Item.no","RMSE_score","MAPE_score","MAE_score"
1,1,1.31400267143863,0.0755065823670651,1.23391319727088
1,2,1.20859317015755,0.0405149185341354,1.16375325829139
1,3,1.24363775652896,0.0546876776374064,1.19594267799316
1,4,1.33170723024253,0.0746094492155662,1.23626358004302
1,5,1.39557034037344,0.10411933380285,1.30966738537166
1,6,1.22852814045046,0.0450918313480799,1.18550229171234
1,7,1.21241725178934,0.0423124985236933,1.17050566547385
1,8,1.19025348718065,0.0339887187497481,1.14817394979149
1,9,1.26779442014083,0.0572675235012887,1.22542061313079
1,10,1.18910499592322,0.035254719780824,1.15043650893459
1,11,1.18746313735611,0.0347199044078725,1.14665011872433
1,12,1.18694119141439,0.0357033934306508,1.15013385189026
1,13,1.19157255011355,0.0340464097967337,1.15055096726302
1,14,1.21174670171508,0.0423552843131874,1.17193989178293
1,15,1.1803793484887,0.0320899000822009,1.14273708649689
1,16,1.30498605331469,0.0747202695110896,1.24432509131375
1,17,1.28181661887419,0.0636892209108414,1.22294872253326
1,18,1.18817136029633,0.0342563975523877,1.15146279425017
1,19,1.22556511369143,0.047129619146294,1.17369288566691
1,20,1.25259944311762,0.0511603600201719,1.19864900864785
1,21,1.25781194929056,0.0519283459043371,1.19171328095724
1,22,1.1964883205235,0.0350544554291943,1.15653991943847
1,23,1.27986848537481,0.061448014700723,1.20963971366048
1,24,1.19844072606881,0.0370051794940152,1.15478932471547
1,25,1.18461523476932,0.0332920646825182,1.14375717945995
1,26,1.33314736656479,0.0718928914891826,1.27661354513504
1,27,1.37351664509311,0.0925576685462122,1.29462890436324
1,28,1.19560385566357,0.0344040180246876,1.15398645820505
1,29,1.20300346664288,0.0371041025296121,1.15671366668388
1,30,1.24327700744285,0.0517837723128889,1.19064344322013
1,31,1.24693296922084,0.0478700204605646,1.19563541554814
1,32,1.23795242377372,0.0483957875239846,1.18109351857709
1,33,1.21389599685241,0.0409812048315594,1.17431894880597
1,34,1.29150757274078,0.067388169008706,1.22572496892421
1,35,1.18236939176367,0.0344708005340496,1.14422940030389
1,36,1.19410628756059,0.0351847841656189,1.15316382781297
1,37,1.28947599386911,0.0709448052652331,1.2394524163668
1,38,1.21747829549822,0.0388099702917184,1.17009194617911
1,39,1.24356938035016,0.0521116146674155,1.19892850016842
1,40,1.29254030612266,0.0698976371977279,1.24562388746517
1,41,1.32831602870425,0.0810989802030698,1.25147407281945
1,42,1.26420654364777,0.0556687280367057,1.19958266852047
1,43,1.21291617430546,0.0415328164498535,1.16536113338143
1,44,1.25748357316051,0.0601593670914729,1.20462410088756
1,45,1.18737800261992,0.03578226679317,1.15613967335811
1,46,1.18952013468806,0.0369274726127327,1.14908400866652
1,47,1.29856222581116,0.0719885437478365,1.22063951051336
1,48,1.24072736079619,0.0475797209731924,1.1871509849566
1,49,1.26813453145125,0.0614191530566714,1.20831527211681
1,50,1.21854219597385,0.042794441596223,1.17948973223032
2,1,1.23050505585926,0.0517094808630775,1.17722429879663
2,2,1.24578580948417,0.0454121073494026,1.20092127791132
2,3,1.18259797415739,0.0371816411057541,1.14709532752088
2,4,1.25935521987941,0.0567769095116106,1.19511792622899
2,5,1.32986057500883,0.0709852489269015,1.2389950048762
2,6,1.16378968792584,0.0295495891860306,1.12988292963051
2,7,1.20791801912636,0.0365018325224321,1.16021702425112
2,8,1.17319042424459,0.0297492435719148,1.1403792706122
2,9,1.32918247117004,0.0630037201623595,1.27221914324607
2,10,1.1513196616806,0.0264125043079789,1.12117019904691
2,11,1.178490594092,0.0324532962490088,1.15056243202734
2,12,1.17401315884465,0.0306323785261745,1.14031160352047
2,13,1.19313985350847,0.0331523059833434,1.16082964582756
2,14,1.18466621013014,0.0334862966160563,1.14963159754379
2,15,1.16942072198693,0.0276630002605333,1.13334304747237
2,16,1.23620089924817,0.0522435530201452,1.18749525612769
2,17,1.22572241769632,0.0463154079221323,1.17892223563913
2,18,1.21166160007572,0.0347050750489123,1.16618417382013
2,19,1.22377234918565,0.0442260778381126,1.17735730699931
2,20,1.21536036265254,0.0403885622632377,1.17004752864522
2,21,1.18465763998534,0.0366960505143268,1.14651209501208
2,22,1.20366358932454,0.0350546021105911,1.16772702409501
2,23,1.31490001068302,0.0677657497347581,1.25353904155236
2,24,1.1937163008306,0.0357400032077729,1.16463019351264
2,25,1.19546967779769,0.0323386822871636,1.15390386783386
2,26,1.21106097287965,0.0390749553599056,1.16373537168642
2,27,1.2199094390049,0.051458154432609,1.17485828705184
2,28,1.2079265212727,0.034779802045416,1.16747738024619
2,29,1.19359831556285,0.0325037032106891,1.14907989818328
2,30,1.21274365768315,0.0428882906273497,1.17351576172555
2,31,1.20117683281743,0.034994371532751,1.15550214301309
2,32,1.23078432852473,0.0442813065927231,1.18630855205532
2,33,1.19217079363367,0.0338842886730411,1.15419288763616
2,34,1.25483411922946,0.0553311118798376,1.19998956473074
2,35,1.18886250794282,0.0333969774382827,1.15177497308064
2,36,1.17790229651173,0.0305542253903918,1.14394784561802
2,37,1.22185306334009,0.047178428037775,1.17799896452084
2,38,1.20460585922422,0.0362133624835027,1.17334231288912
2,39,1.20191268617705,0.0377163614128653,1.15495639867235
2,40,1.23893779887433,0.053324336501899,1.19654073981388
2,41,1.32837941193629,0.0756510538396574,1.2576021705387
2,42,1.22141486798844,0.0427343967485153,1.17030732331453
2,43,1.19636611112574,0.0355871169607981,1.15186719606211
2,44,1.26341628761874,0.0574878914712103,1.21913799256484
2,45,1.18479927429682,0.0304027206445957,1.14396291518834
2,46,1.19883799115438,0.0358607016023485,1.15905951131409
2,47,1.27166449647287,0.0618942142681836,1.21529675421903
2,48,1.20622421114959,0.0383530536708945,1.16281146180593
2,49,1.28014116580405,0.0577729607840147,1.21629301063357
2,50,1.20339089199386,0.0356162713265002,1.16413898544994
3,1,1.24626397162549,0.0585567916664669,1.19405809444291
3,2,1.19962652282825,0.0349570457777873,1.15313342668537
3,3,1.2352256462744,0.0467313426725708,1.18340839792444
3,4,1.28474421815626,0.0685393047083108,1.22464850608574
3,5,1.28398397395522,0.0749030462126934,1.2300786772401
3,6,1.24459412536935,0.0471104116119279,1.20074824966081
3,7,1.23771081726736,0.0430063718218457,1.1846278310063
3,8,1.18383496979695,0.0314620476017723,1.14430125641981
3,9,1.22024417625647,0.0425112747441899,1.17956062454409
3,10,1.18007682237877,0.0310913147814674,1.14015443539174
3,11,1.18645541887607,0.0317512571794447,1.14124826946722
3,12,1.16727910047321,0.0303893400278292,1.13490127355791
3,13,1.16797692242457,0.0294075441595952,1.13708793105857
3,14,1.19436773482839,0.0326629752222036,1.13980966138514
3,15,1.20053510749765,0.0340896328065702,1.16021930798659
3,16,1.25488494148542,0.0597804340680155,1.20775011596402
3,17,1.2289297367083,0.0476365807579098,1.179413900108
3,18,1.18123234317433,0.0319565039501542,1.14995517622261
3,19,1.22605875757862,0.0451179568263138,1.17751151659511
3,20,1.18406853030606,0.0363154144006511,1.14855863465411
3,21,1.21482145087443,0.0441914698497336,1.17092341069209
3,22,1.1758149854902,0.0301317767963491,1.13853902733387
3,23,1.25536860281546,0.0568044835842561,1.20089286137927
3,24,1.22968171533077,0.0436538775384362,1.19423823172811
3,25,1.20396232352865,0.0359730710795009,1.16749307192364
3,26,1.22861798949001,0.043629362887808,1.17855923893239
3,27,1.27987585142787,0.068281697410121,1.22478314286547
3,28,1.16819568594387,0.0288696259317888,1.13737229588094
3,29,1.24736476958306,0.0434442623995378,1.19616777917717
3,30,1.25142824678824,0.0466782122437597,1.18900722447993
3,31,1.22461820750743,0.0422469430451647,1.18442644688509
3,32,1.20623274471655,0.0401964558088202,1.15874256348841
3,33,1.20491027213117,0.0362605045067399,1.16352601360454
3,34,1.28947713513731,0.0637500634186245,1.22046349392453
3,35,1.20336900739494,0.0360649305765491,1.15981961164771
3,36,1.17503447682028,0.0310711313062945,1.14201791268287
3,37,1.2819260646448,0.0641287335440064,1.2300489845184
3,38,1.18820102952799,0.0309261473723012,1.14157248333595
3,39,1.22130310897831,0.0450333474579412,1.18186257865871
3,40,1.22142255083372,0.0492243757977504,1.17676907481757
3,41,1.32757001889977,0.0773389433140153,1.257553341694
3,42,1.23501130490934,0.0467260712858809,1.17822812920247
3,43,1.24401951076643,0.0469196294424361,1.19726137850885
3,44,1.222840160562,0.0486812710555584,1.17304393678392
3,45,1.17528341597487,0.0293423461515584,1.13619395052275
3,46,1.19207735628651,0.0353815101491295,1.15200681247744
3,47,1.32058451539893,0.0756625535406309,1.25041715580158
3,48,1.16737056546113,0.0323051011685273,1.13467696877094
3,49,1.24696262313621,0.053535775353413,1.19566239316934
3,50,1.16963876688247,0.0305299105922886,1.13530794716163
4,1,1.28870780279014,0.0689187678583652,1.22178571333419
4,2,1.237479963085,0.0453371294942073,1.1900057371753
4,3,1.22366710999283,0.0485924621555249,1.18054596704796
4,4,1.29535943512079,0.0744818881090046,1.23448054868396
4,5,1.321315305038,0.0818579335841643,1.25278591471559
4,6,1.19040107705852,0.0376761751489127,1.15801327619312
4,7,1.23890700332143,0.0471810811304283,1.19983105359307
4,8,1.18793714498888,0.0340170254195752,1.15504925959503
4,9,1.21105628422639,0.0420344711719865,1.17347822610778
4,10,1.19270032224198,0.033705964170757,1.14976698066826
4,11,1.18989765932857,0.0331675017845347,1.14521076840283
4,12,1.22425018459402,0.0413879297603891,1.18260994385808
4,13,1.17009547582438,0.0290176356563327,1.13099703949978
4,14,1.1814643625487,0.0325538684982509,1.13623663007551
4,15,1.19523539828508,0.0332453740190896,1.15440243692267
4,16,1.32731058694783,0.0740239486445369,1.25730486283686
4,17,1.22724372789067,0.0495785380865729,1.17899869332766
4,18,1.18300009686858,0.0314005658229109,1.14533953633139
4,19,1.24027460552954,0.0505221602713601,1.19519084750434
4,20,1.20137272729724,0.0417455897879995,1.16547517607535
4,21,1.21657583148351,0.0431546094839684,1.16571760666293
4,22,1.18719258799035,0.0335419817587871,1.15173348505243
4,23,1.24693727837191,0.0516109480840154,1.18395541293312
4,24,1.20763635786822,0.0387804367340155,1.16872898652561
4,25,1.17607592571264,0.0303365736531487,1.13803274014587
4,26,1.2146786814838,0.0425990416064568,1.17160508866702
4,27,1.32469289960099,0.0798077778239373,1.26339661012719
4,28,1.17549814549918,0.0305687449053491,1.14120000765659
4,29,1.22341681688506,0.040062282028829,1.17675765530971
4,30,1.22330315779529,0.0449141571433979,1.17773167702732
4,31,1.19761509645561,0.0348686713458837,1.1475801969424
4,32,1.2333896122444,0.0467272465309648,1.18358694070964
4,33,1.20440756308413,0.0368546736869303,1.16339240457635
4,34,1.31245638928341,0.0668323706701115,1.23300414542436
4,35,1.22922944672256,0.0441185852344814,1.19274118550097
4,36,1.20307397365319,0.0360010963876348,1.16239661244363
4,37,1.27311230016999,0.0619543143684874,1.2128488717325
4,38,1.18032171143975,0.032080667668893,1.14635453137591
4,39,1.24369104577584,0.0505941824304998,1.19921088440501
4,40,1.30894081753911,0.0704058021568508,1.2471143691709
4,41,1.33712451733754,0.0747299856234957,1.25205513960034
4,42,1.23979027207991,0.0504429280921038,1.19103473455074
4,43,1.23824666848756,0.0466886341226085,1.19229774923813
4,44,1.28417689541102,0.0611681681413878,1.21455016167631
4,45,1.16874307614133,0.030980925749737,1.14073392824509
4,46,1.21696019562283,0.0408886065421396,1.17239069749074
4,47,1.31795374673781,0.0828823366706263,1.26666418063185
4,48,1.21286727324114,0.040768445495218,1.16660492860332
4,49,1.28128618330494,0.0611865935206729,1.21351211101307
4,50,1.18102274406682,0.032773064896539,1.14216459607816
5,1,1.33937109981852,0.0913481044870714,1.26498017145552
5,2,1.24969227857426,0.0506437416747877,1.20008897397535
5,3,1.29188464023857,0.0684886250064544,1.23752503072488
5,4,1.40443730117107,0.0986775707506437,1.29847154626835
5,5,1.41480714215896,0.1251041275867,1.33957937247846
5,6,1.23016292310966,0.0465328721954402,1.18117677179491
5,7,1.23319674629885,0.0471974712656621,1.18229564664981
5,8,1.24468640355652,0.0470415756476916,1.1973807803363
5,9,1.24816794735189,0.0506956267204622,1.19221062304991
5,10,1.21957725679311,0.0422757296281323,1.17191555507797
5,11,1.22563864652196,0.0433201339722733,1.17791067590151
5,12,1.24108627957104,0.0463658368845944,1.18686659228437
5,13,1.23319053066103,0.043748176478362,1.18709239463886
5,14,1.23313805625748,0.0464227487584477,1.18087950801985
5,15,1.19058272761979,0.0351056073227891,1.15083104951195
5,16,1.36376419266364,0.0848732516450486,1.2667894085391
5,17,1.27859974447596,0.0693146347410429,1.22636223373807
5,18,1.19768444246201,0.0361515594097461,1.15366658141366
5,19,1.24922325892227,0.0564913203671927,1.19916311054613
5,20,1.23261587098461,0.0509419655327478,1.18917047515796
5,21,1.26114595041755,0.0602586747180075,1.20933738601889
5,22,1.21204531298415,0.040661883717693,1.17015161549423
5,23,1.25952145860404,0.0647375500406702,1.20586244761607
5,24,1.21468513535415,0.0403589904447432,1.1621600000117
5,25,1.16877371821009,0.0309904063914266,1.13031801177187
5,26,1.24650683105685,0.0528341126798106,1.20000491450736
5,27,1.38448871134818,0.0907002664323703,1.27105503560461
5,28,1.170058326981,0.0327493154914789,1.13984365848101
5,29,1.23033225313824,0.0454541904593613,1.18484172287598
5,30,1.23914898712254,0.0505805736527894,1.18032926616958
5,31,1.27335278320207,0.0547809082092208,1.21817533461853
5,32,1.22299034482782,0.0495278427656106,1.17569824621778
5,33,1.21957106990673,0.0416217843011876,1.17010057799425
5,34,1.332753821948,0.0873890891607725,1.26293823598751
5,35,1.20967114925406,0.0421883218230819,1.16763150640579
5,36,1.21790208237214,0.0435384270965198,1.18149716781759
5,37,1.27473202407014,0.0651933251445905,1.21060820251393
5,38,1.19089408963347,0.0354581574738291,1.14846058027238
5,39,1.32170686698916,0.0649415499883752,1.24600257645013
5,40,1.39081914235609,0.0880096975218686,1.28420927742052
5,41,1.39474996131199,0.0996552431086382,1.29332314673167
5,42,1.30378437903557,0.0667987126210135,1.22793222268624
5,43,1.2619124814671,0.0570357989341491,1.21531600382572
5,44,1.29437482868024,0.0698518865465561,1.22286091743286
5,45,1.23172874668302,0.043575752776844,1.18582581890178
5,46,1.2392623281942,0.0464414768988817,1.18254181535589
5,47,1.43044264707344,0.102921704975431,1.31009750896262
5,48,1.23598586711201,0.0491156037437737,1.18680163326843
5,49,1.31001506365183,0.0756532448382039,1.24465243176581
5,50,1.32768603054014,0.065423152439205,1.26367081745716
6,1,1.27890714175698,0.076672025655814,1.22446473990752
6,2,1.23210203446695,0.0480370414193472,1.19102457605824
6,3,1.27188992332349,0.064268232200181,1.223002582118
6,5,1.39704126454005,0.111061784153824,1.29730357513053
6,6,1.22140378623964,0.0451710631963539,1.1769269156012
6,7,1.23332504609938,0.0471340820467534,1.1852487485666
6,8,1.25610291821036,0.0516095601713046,1.21257205902518
6,9,1.23231302831687,0.0466968037785105,1.17778513647357
6,10,1.22133245428945,0.0409493014822735,1.16655766101624
6,11,1.26437323904969,0.0495317858316218,1.20044696246816
6,12,1.22471566476299,0.0420424047023753,1.16892202218476
6,13,1.20576101167398,0.0384735914578563,1.16177037253248
6,14,1.2248450236234,0.0464866274040394,1.1806053095793
6,15,1.18223473761502,0.0339648949956793,1.14512741125551
6,16,1.30696832730361,0.0818648489179636,1.25215729015408
6,17,1.28388367709049,0.0691791439299786,1.22932049049801
6,18,1.23167002947832,0.0436096840310375,1.18810722478691
6,19,1.28337595689111,0.0622146444118694,1.22039636569262
6,20,1.25628783725521,0.0553936643684879,1.20241625179229
6,21,1.25660753078242,0.0565930794530273,1.19948792462419
6,22,1.22442417212092,0.0418486649314617,1.17864850383656
6,23,1.35895354332194,0.0924467043768907,1.29316144018375
6,24,1.24232985537026,0.0485132763700761,1.19649316623774
6,25,1.18624840264996,0.0345792748510108,1.14341130506147
6,26,1.24025764839663,0.051294634411533,1.18862192977744
6,27,1.33919969334195,0.0919857140209552,1.26246371295552
6,28,1.18462661561006,0.0332571551708877,1.14162110675865
6,29,1.24085279653571,0.0465774527319469,1.19122413713483
6,30,1.26814035932581,0.0600145063005903,1.21432210686707
6,31,1.19568021734226,0.0390317248802946,1.15154538518356
6,32,1.25470537525546,0.0546012720669406,1.1932921360295
6,33,1.20052897378517,0.0406265076358707,1.1647642194377
6,34,1.3020437623922,0.0786477492403704,1.23560210983605
6,35,1.23855194157096,0.0474080717285999,1.19199572299538
6,36,1.19807975310969,0.0359838145966659,1.1498220649626
6,37,1.30677522659295,0.0758498610454382,1.24628360140186
6,38,1.25508333219536,0.048101538251325,1.20154856098938
6,39,1.25769264126596,0.0583552460666135,1.2068293755497
6,40,1.33267466244875,0.0812759931150842,1.26174640081561
6,41,1.34162469336917,0.0909216219588288,1.26131205828012
6,42,1.29445330168228,0.069084811819806,1.23443026722729
6,43,1.25153855673076,0.0507634010131854,1.19326021804929
6,44,1.31974621650043,0.0747350031262685,1.23667307778812
6,45,1.2234179027784,0.0428915366976738,1.18143862993805
6,46,1.21298601165911,0.0427982936220513,1.16676581900218
6,47,1.36126016029418,0.0881392448744722,1.26652868394571
6,48,1.2484372289985,0.0520721588625927,1.20068028796641
6,49,1.35143579367679,0.0826138034756041,1.26997361535653
6,50,1.19286309875198,0.0384185192762203,1.15327959377102
7,1,1.35184413130863,0.0979730596677382,1.27919648108194
7,2,1.21699250461219,0.0450123514941312,1.17205641140916
7,3,1.26547423074575,0.0635434288853501,1.20668503843119
7,4,1.30763747541953,0.0909132187889285,1.2492085574226
7,5,1.55085014320876,0.14317687083077,1.39041146049426
7,6,1.25003409634206,0.0530293499442867,1.20196787626557
7,7,1.2052302566365,0.0420418139568566,1.1583634376237
7,8,1.20174187954687,0.0402165657531283,1.16312431774753
7,9,1.27132307825957,0.05680405366466,1.20913911029268
7,10,1.23254302124751,0.0461255617421534,1.18845801793871
7,11,1.2475445827439,0.0497918915458779,1.19754567501473
7,12,1.25782302220779,0.0518781145020211,1.20626895919842
7,13,1.21304784623496,0.0396650546230161,1.16748863690494
7,14,1.20793027794567,0.0426840304105094,1.16360050048739
7,15,1.2262841257844,0.0420650820023412,1.17547081583966
7,16,1.45619742838229,0.114863673971796,1.34164928048619
7,17,1.34701243994064,0.0820725402706919,1.27139626741344
7,18,1.23655260875774,0.0473315790277303,1.19860317526343
7,19,1.25527706462306,0.0601394815004624,1.21010965411241
7,20,1.26625308999914,0.0542320188699189,1.19958652377346
7,21,1.29467114662165,0.0688576318458739,1.23739667249554
7,22,1.17717481702402,0.0327540643721021,1.13348373374544
7,23,1.33081367193619,0.0760572416605599,1.23679651927544
7,24,1.22656842508448,0.0468296210309313,1.1814092487069
7,25,1.21133641238458,0.0390212818569048,1.16010060267132
7,26,1.26987129084702,0.0555611206923845,1.19956166718627
7,27,1.44933507169024,0.120727165271426,1.34257754457752
7,28,1.19600443307788,0.0374603087245875,1.15641922209188
7,29,1.19469006127028,0.0382232058966989,1.151321192317
7,30,1.29793149831912,0.0693435184026203,1.23677728188604
7,31,1.24286422674585,0.0500287278018001,1.19267818489635
7,32,1.32049537231378,0.0759050886901338,1.26197363535597
7,33,1.20264437407311,0.0418387829099199,1.16498135623748
7,34,1.33521786947735,0.0899310056864536,1.26980270345045
7,35,1.23111386762488,0.048178625176038,1.19059573370673
7,36,1.19684541880546,0.0401358287166648,1.16200062750428
7,37,1.28334301389911,0.0692744271692969,1.21489372692849
7,38,1.22170540083163,0.0412647797211521,1.1705049504458
7,39,1.29757633361169,0.0628179239285512,1.23086494022685
7,40,1.30803542792333,0.0756362036164829,1.23677910704486
7,41,1.43102234118607,0.126444244281251,1.34537907178284
7,42,1.28196907438818,0.0630683192238729,1.21894136291469
7,43,1.2833542713867,0.0595976422946455,1.21700030871913
7,44,1.28946675646318,0.0751916764671975,1.23055388983098
7,45,1.19853971784895,0.0373550967028917,1.15374847193058
7,46,1.24856098068948,0.0517559305833169,1.19723012796295
7,47,1.40404156021329,0.112588011769503,1.32206507431284
7,48,1.28338248713999,0.0583041128452717,1.21592595172433
7,49,1.32939369431521,0.0873030957100412,1.27691878530789
7,50,1.22846347000582,0.0459919397761375,1.17945250874561
8,1,1.27100891075201,0.0627569005715897,1.21164550385184
8,2,1.19354572794576,0.0356907239766207,1.15697362472153
8,3,1.24142256451291,0.04866885398813,1.19406671772925
8,4,1.2775225327031,0.0615212334683563,1.208796943966
8,5,1.30070808580447,0.0740792380126033,1.23612074558567
8,6,1.19574648159604,0.0355307911253522,1.15396687549672
8,7,1.18328021508687,0.0342310092300201,1.14978918166456
8,8,1.20958243667109,0.0348067344828567,1.16290585430425
8,9,1.21909073351888,0.0436984149622729,1.18683153636403
8,10,1.18298102249644,0.0327187723779277,1.15219219595905
8,11,1.18314357681879,0.0320257437313248,1.14601470907289
8,12,1.19362021091922,0.0346645390932601,1.15923496838518
8,13,1.17590274703202,0.0301994029692444,1.14330428668828
8,14,1.22353319985279,0.0398834987751452,1.17343964732207
8,15,1.1663923155065,0.0275824976411992,1.13253935274658
8,16,1.28827662067573,0.0632699607557489,1.22841248628958
8,17,1.24551880568554,0.0507206941414201,1.19406692134937
8,18,1.17694840553391,0.030034565917525,1.14442283773515
8,19,1.20850727202946,0.0405074498667728,1.16340631163363
8,20,1.2117306359542,0.0391890689584406,1.1671231643853
8,21,1.19988748228871,0.0390492161299155,1.15512214447165
8,22,1.15329982709118,0.0261665150074609,1.12293381091088
8,23,1.26452822451359,0.0557382702571148,1.20359831053137
8,24,1.18961505313705,0.0325099082365789,1.1467365905151
8,25,1.16874914863202,0.0279363516049997,1.13148815338672
8,26,1.20584694362729,0.0396899131908786,1.16692508760794
8,27,1.24051293588836,0.0541869734420805,1.18771587890731
8,28,1.1706360870539,0.0291866430078112,1.13972627145437
8,29,1.19510818382272,0.0340895196520625,1.15396742807293
8,30,1.24003402533649,0.0453274090479415,1.17998022581592
8,31,1.18908619877508,0.0330430125998444,1.14465787672496
8,32,1.20379757540581,0.0390109918706581,1.15978572742776
8,33,1.23561176176653,0.0423578585568714,1.19233971993715
8,34,1.28197161535662,0.0648845675737821,1.22832498956517
8,35,1.1696507793556,0.0295050973723992,1.13205845955175
8,36,1.17195537672861,0.0297050747152315,1.1371079738239
8,37,1.22214056876519,0.0477759001385513,1.17581676001878
8,38,1.17437363943459,0.0310127682322399,1.1444154154571
8,39,1.22607730331254,0.0414045690895824,1.1732924293865
8,40,1.26298592997404,0.057475455543723,1.21126363227711
8,41,1.27118282929763,0.0653626183043339,1.22437332185967
8,42,1.22948144805848,0.0475133811237311,1.18410510220249
8,43,1.21870101939686,0.0392375891114799,1.16616905376929
8,44,1.276236884941,0.0582673117079515,1.21398669955851
8,45,1.1653511270446,0.0286731012010023,1.13378856682117
8,46,1.17296555780352,0.0306489831701989,1.13282276981659
8,47,1.281985525445,0.0662004730040766,1.22725887233695
8,48,1.20243886925897,0.0404749093460588,1.17566860506726
8,49,1.29855168448316,0.0656603465979904,1.24016661908913
8,50,1.21570396146787,0.0380115133455943,1.17274152126231
9,1,1.27681384905728,0.0638523094918282,1.20757928382942
9,2,1.19109203059029,0.0345464842806384,1.14576875324159
9,3,1.25434488775589,0.0539631012912796,1.20168542043617
9,4,1.36763478828761,0.08239452298982,1.27217689753209
9,5,1.37392206457682,0.0968147103750097,1.29269073882685
9,6,1.20164121977398,0.0370755895735031,1.1561910012191
9,7,1.20597246676573,0.0405631802480514,1.17101643624872
9,8,1.22719388499192,0.0401822773826361,1.17906431346447
9,9,1.21684203921658,0.0437826139506128,1.17853898487919
9,10,1.24162865526241,0.0443640964698819,1.19688739681381
9,11,1.19010643833105,0.035236680607028,1.15438114654285
9,12,1.17751583223972,0.0327210330895948,1.14211841728569
9,13,1.24615099406508,0.0424297072596206,1.19470733031277
9,14,1.19802099501963,0.0383614702594511,1.1624910124751
9,15,1.1582791618784,0.0275484799996073,1.12648330499736
9,16,1.31284910190608,0.07067735872053,1.23868757733966
9,17,1.24712651584982,0.0491960054449687,1.18129865512387
9,18,1.19748487889429,0.0356280351858596,1.1624700529688
9,19,1.25023303133386,0.0467405309962612,1.18282827940523
9,20,1.21194910322184,0.0399556373603027,1.16111790708626
9,21,1.23300379244583,0.0469398233124004,1.18134993292501
9,22,1.18251831593414,0.0320312039021103,1.14579510482445
9,23,1.28069932802792,0.0647952846748733,1.22622847905723
9,24,1.18701496639386,0.0352449698734723,1.15143126799545
9,25,1.16992618653501,0.0285426524861863,1.12957498050977
9,26,1.21532711495575,0.0409065376893667,1.16411900521792
9,27,1.35956517077931,0.0789096752575519,1.25926339176847
9,28,1.20434642075731,0.034502773709351,1.1595814919398
9,29,1.20960724222177,0.0387970825355141,1.17008462413789
9,30,1.25741079487608,0.052278389780572,1.20315477418145
9,31,1.22822548066184,0.0439542625965509,1.18459257107455
9,32,1.27888287334959,0.0581461082648929,1.22700713584871
9,33,1.19576223790281,0.0347766536029299,1.15268090159803
9,34,1.27189605739968,0.0625493015083688,1.21441081276906
9,35,1.21514684094988,0.0380229907198976,1.16533061973672
9,36,1.20000109378092,0.0355971563623189,1.15967924921263
9,37,1.27435307985036,0.0641463229244692,1.22463526332996
9,38,1.19860079769744,0.0368627982147804,1.16885465630205
9,39,1.25059233154503,0.0498996117115417,1.19764662596579
9,40,1.24756272448554,0.0530077228051895,1.1884543916124
9,41,1.28009180722026,0.0664178224298164,1.21687615796243
9,42,1.22635258255856,0.0477304845418303,1.17748322829423
9,43,1.22924757447994,0.0468059661266596,1.19016431674855
9,44,1.25953155661138,0.0575842902385598,1.20471438913186
9,45,1.16458170503456,0.0300182126199642,1.13541325161269
9,46,1.21328920749898,0.040840309684026,1.17306104016361
9,47,1.3073832246463,0.0764814352657532,1.24680329043147
9,48,1.23249380215842,0.0455162392868995,1.18724433620625
9,49,1.24357098268044,0.0513978888764741,1.18021678484943
9,50,1.18082813244257,0.0335012059607329,1.14504004326378
10,1,1.34554557741198,0.074161388514909,1.25357253664951
10,2,1.18934803849284,0.0345141630500218,1.14861387936673
10,3,1.23107743745299,0.0480297502422112,1.183711645788
10,4,1.31753550430031,0.0769171072156473,1.2509277185246
10,5,1.30610687465995,0.0740375046873715,1.23570822058856
10,6,1.17217783576696,0.0323913487328829,1.13841933889016
10,7,1.17853284782185,0.0337943505030996,1.14488724462661
10,8,1.2040396849903,0.0353135465925793,1.16073039073441
10,9,1.19347925678549,0.0371783628159151,1.15374436798587
10,10,1.17972276985473,0.0311139513751749,1.14011655851236
10,11,1.17540635331652,0.0324885610197343,1.14313597280343
10,12,1.19815941770115,0.0352358861745553,1.15585510163274
10,13,1.19401214056483,0.0334156086121111,1.15536351298501
10,14,1.21951801826561,0.0410686803083963,1.17566919004344
10,15,1.19548249548306,0.0335875235772298,1.15802360627662
10,16,1.24933658861215,0.0592132898208341,1.20410653353634
10,17,1.27757913122786,0.0590761551283418,1.21850814891594
10,18,1.21792886593573,0.0366428533862198,1.17058499767881
10,19,1.26017532280037,0.0513820673806158,1.20321888930154
10,20,1.25184817403259,0.049608496831426,1.19861142284172
10,21,1.24244317265551,0.0490128715866312,1.19244515370018
10,22,1.18176553119688,0.0304746535971885,1.14099979554322
10,23,1.25340895939439,0.0558304936570564,1.20031269472362
10,24,1.23410675766362,0.0421796837960675,1.18618056690009
10,25,1.18837260519462,0.0317494193862916,1.14600447256093
10,26,1.26392782869303,0.0516794692905608,1.2145272905732
10,27,1.26920971378548,0.0640361626135561,1.2084987980124
10,28,1.16763353999423,0.0294160675337387,1.13731458353426
10,29,1.17472874055545,0.0313183145665249,1.14021378120961
10,30,1.22096462894386,0.0443820741476453,1.17552133196958
10,31,1.20033398103931,0.0376762508048477,1.16298954321497
10,32,1.22300446528766,0.0440281840986716,1.17502246942895
10,33,1.20747099914698,0.0367010455437462,1.1642048048193
10,34,1.3462095149222,0.0704663394099157,1.2521818316272
10,35,1.17546988627998,0.0314293990420625,1.13796012699969
10,36,1.19461696729277,0.0345807209689792,1.15681319571841
10,37,1.25978468722891,0.0548549526509977,1.20194884395519
10,38,1.18508824542273,0.0322774048726571,1.14770413728015
10,39,1.19444429657235,0.0379520613704718,1.15007533967531
10,40,1.25464465912997,0.0546864136588418,1.19902314997458
10,41,1.33411457671919,0.0789017033796804,1.26548928016658
10,42,1.26690136163612,0.0540817777671047,1.20700985033945
10,43,1.20162971757267,0.0381418202630116,1.15832121027526
10,44,1.23170871507145,0.0501426697811854,1.18056963747047
10,45,1.20718624707006,0.0361009513111288,1.16774507833154
10,46,1.19195359065549,0.034603066886018,1.14817804055663
10,47,1.31465293397978,0.0677502336861971,1.22630711977361
10,48,1.2099692486557,0.0402792170556116,1.16748598881722
10,49,1.27547629129137,0.0626273085533831,1.22599098456173
10,50,1.17659785012661,0.0314606161335074,1.13716534318686
